id;SiteName;regione;Longitude;Latitude;Elevation;regione2
abruzzo_1112;Catignano;abruzzo;13.94527778;42.34611111;323;Abruzzo
abruzzo_1540;Pescara;abruzzo;14.2425;42.44972222;2;Abruzzo
abruzzo_1940;Lanciano;abruzzo;14.38444444;42.22583333;273;Abruzzo
abruzzo_1966;Casoli Diga;abruzzo;14.25805556;42.09555556;302;Abruzzo
abruzzo_2073;Ponte Vomano;abruzzo;13.76861111;42.60888889;136;Abruzzo
abruzzo_2078;Pineto;abruzzo;14.055;42.62361111;5;Abruzzo
abruzzo_2089;Moscufo;abruzzo;14.06666667;42.42611111;156;Abruzzo
abruzzo_2137;Giulianova;abruzzo;13.95277778;42.74805556;55;Abruzzo
abruzzo_2159;L'aquila;abruzzo;13.42861111;42.33416667;618;Abruzzo
abruzzo_2177;Aterno Sagittario A Allogg.idr;abruzzo;13.82972222;42.15638889;248;Abruzzo
abruzzo_2203;Beffi;abruzzo;13.67694444;42.19194444;713;Abruzzo
abruzzo_2281;Salle;abruzzo;13.96083333;42.17861111;430;Abruzzo
basilicata_136;Ferrandina;basilicata;16.4518417679;40.4979110602;492;Basilicata
basilicata_15;Grassano Sp;basilicata;16.275;40.6347;450;Basilicata
basilicata_39;Tramutola;basilicata;15.7867;40.2986;875;Basilicata
basilicata_42;Matera;basilicata;16.6017;40.6694;389;Basilicata
basilicata_44;Irsina;basilicata;16.2461;40.7417;453;Basilicata
calabria_10;Montalto Uffugo;calabria;16.13055556;39.40111111;436;Calabria
calabria_215;Staiti;calabria;16.0355;37.99986111;369;Calabria
calabria_255;Santa Cristina D'aspromonte;calabria;15.96472222;38.25694444;448;Calabria
calabria_7;San Pietro In Guarano;calabria;16.31361111;39.34555556;766;Calabria
calabria_95;Cerenzia;calabria;16.78333333;39.2425;596;Calabria
campania_18;Boville Ernica;campania;13.4775;41.65222222;437.1869201660156;Campania
campania_20;Caposele;campania;15.22083333;40.81611111;496.4668579101562;Campania
campania_23;Castelluccio;campania;15.33777778;40.58166667;283.8472900390625;Campania
campania_43;Montella;campania;15.05027778;40.84777778;499.6351928710938;Campania
emiliaromagna_43;Carpineta;emiliaromagna;12.275186;44.09216;101;Emilia Romagna
lazio_274;Montefiascone;lazio;12.0228;42.53;516;Lazio
lazio_282;Posticciola;lazio;12.9419;42.2336;626;Lazio
lazio_329;Barbarano;lazio;12.0444;42.2542;313;Lazio
lazio_380;Licenza;lazio;12.8997;42.075;553;Lazio
lazio_382;Morlupo;lazio;12.5067;42.1436;223;Lazio
lazio_383;Palestrina;lazio;12.8814;41.8381;428;Lazio
lazio_453;Bolsena;lazio;11.9722;42.6533;352;Lazio
liguria_5924;S. Margherita Vara;liguria;9.661111;44.275833;200;Liguria
marche_108;Pergola;marche;12.844062;43.568672;242;Marche
marche_110;Jesi;marche;13.229972;43.531944;100;Marche
marche_151;Fossombrone;marche;12.798468;43.694527;96;Marche
marche_152;Fano;marche;13.053796;43.826328;7;Marche
marche_609;Lornano;marche;13.4187;43.29224;294;Marche
marche_701;Ancona Torrette;marche;13.449807;43.610954;5;Marche
puglia_109;Pietramontecorvino;puglia;15.11722;41.53389;464;Puglia
puglia_123;Sannicandro_garganico;puglia;15.58417;41.83361;228;Puglia
puglia_135;Spinazzola;puglia;16.08417;40.95056;458;Puglia
puglia_143;Troia;puglia;15.30056;41.35056;436;Puglia
puglia_3;Altamura;puglia;16.55278;40.82389;458;Puglia
puglia_32;Castel_del_monte;puglia;16.31694;41.06722;470;Puglia
puglia_33;Castellana_grotte;puglia;17.20056;40.8675;300;Puglia
puglia_59;Gioia_del_colle;puglia;16.91694;40.8;377;Puglia
puglia_71;Locorotondo;puglia;17.33333;40.75;397;Puglia
puglia_8;Ascoli_satriano;puglia;15.55056;41.20083;435;Puglia
puglia_89;Minervino_murge;puglia;16.08333;41.06694;502;Puglia
puglia_94;Monticchio_bagni;puglia;15.6;40.93333;713;Puglia
sicilia_11829;Bisacquino;sicilia;13.257793;37.698209;590;Sicilia
sicilia_11835;Diga Platani (Fanaco);sicilia;13.552996;37.670208;667;Sicilia
sicilia_13910;Palazzo Adriano;sicilia;13.379389;37.687083;620;Sicilia
sicilia_13914;Bisacquino;sicilia;13.2585;37.699333;614;Sicilia
sicilia_13923;Diga Platani;sicilia;13.553694;37.671333;667;Sicilia
toscana_141;Pontelungo;toscana;10.893629;43.922766;65;Toscana
toscana_15;Cortona;toscana;11.996447999999999;43.268995;485;Toscana
toscana_17;Arezzo;toscana;11.89285;43.471577;291;Toscana
toscana_232;Lucca;toscana;10.5127;43.842185;17;Toscana
toscana_349;Pontremoli Depuratore;toscana;9.883168;44.369246;290;Toscana
toscana_464;Lucca (Orto Botanico);toscana;10.510888;43.841806;17;Toscana
toscana_55;Prato Universita';toscana;11.099213;43.885556;64;Toscana
toscana_57;S. Giusto;toscana;11.193765;43.759952;39;Toscana
toscana_58;Case Passerini;toscana;11.17746;43.814406;35;Toscana
toscana_72;S. Miniato (Cimitero);toscana;10.831479;43.684031;42;Toscana
toscana_78;Volterra;toscana;10.862233;43.408995;372;Toscana
toscana_87;Orentano;toscana;10.658026;43.776315;16;Toscana
trentino_6601;Torbole;trentino;10.882485;45.881852;70;Trentino
umbria_1482;Perugia_sede;umbria;12.376;43.106;352;Umbria
umbria_1520;Foligno;umbria;12.679;42.953;222;Umbria
umbria_1522;Piediluco;umbria;12.767;42.534;389;Umbria
umbria_1652;Narni_scalo;umbria;12.545;42.552;108;Umbria
umbria_1653;Cerbara;umbria;12.218;43.509;318;Umbria
umbria_2001;Umbertide;umbria;12.35;43.313;322;Umbria
umbria_2002;Spoleto;umbria;12.739;42.756;323;Umbria
umbria_2005;Orvieto;umbria;12.11;42.719;264;Umbria
umbria_252;Ponte_santa_maria;umbria;12.021;42.896;241;Umbria
umbria_265;Citta_di_castello;umbria;12.251;43.462;306;Umbria
umbria_266;Petrelle;umbria;12.16;43.35;400;Umbria
umbria_268;Todi;umbria;12.41;42.787;211;Umbria
umbria_269;Compignano;umbria;12.283;42.948;211;Umbria
umbria_270;Bastia_umbra;umbria;12.561;43.054;204;Umbria
umbria_3537;San_gemini;umbria;12.54;42.609;255;Umbria
umbria_3539;Perugia_santa_giuliana;umbria;12.387;43.105;412;Umbria
umbria_3549;Terni;umbria;12.65;42.56;129;Umbria
umbria_453;Ponte_nuovo;umbria;12.429;43.01;176;Umbria
umbria_738;Petrignano_del_lago_-_Sp_302;umbria;11.953;43.161;301;Umbria
umbria_748;Passignano;umbria;12.142;43.187;308;Umbria
umbria_773;Petrignano_d'assisi;umbria;12.537;43.103;212;Umbria
umbria_796;Bastardo;umbria;12.558;42.865;321;Umbria
umbria_799;San_silvestro;umbria;12.674;42.756;369;Umbria
umbria_804;Ponte_buggianino;umbria;12.926;42.843;535;Umbria
umbria_807;Marsciano;umbria;12.337;42.916;168;Umbria
umbria_813;Orvieto_scalo;umbria;12.136;42.725;127;Umbria
abruzzo_1975;Montazzoli;abruzzo;14.42805556;41.94222222;792;Abruzzo
abruzzo_1982;Vasto;abruzzo;14.69833333;42.09972222;187;Abruzzo
abruzzo_2094;Arsita;abruzzo;13.79805556;42.5;510;Abruzzo
abruzzo_2176;Assergi;abruzzo;13.51805556;42.41972222;1038;Abruzzo
abruzzo_2256;Santo Stefano;abruzzo;13.60277778;42.6475;734;Abruzzo
abruzzo_2274;Barisciano;abruzzo;13.57388889;42.32361111;932;Abruzzo
abruzzo_606;Chieti;abruzzo;14.18305556;42.37694444;244;Abruzzo
basilicata_41;Noepoli;basilicata;16.3306;40.0894;575;Basilicata
basilicata_48;Potenza;basilicata;15.8108;40.6328;669;Basilicata
basilicata_6;Albano Di Lucania;basilicata;16.0378;40.5894;794;Basilicata
calabria_157;Palermiti;calabria;16.45286111;38.74919444;525;Calabria
calabria_160;Chiaravalle Centrale;calabria;16.40888889;38.67138889;551;Calabria
calabria_17;Acri;calabria;16.3935;39.48252778;746;Calabria
calabria_265;Cittanova;calabria;16.0775;38.35222222;407;Calabria
calabria_299;Vibo Valentia;calabria;16.10638889;38.67722222;481;Calabria
calabria_327;Nicastro - Bella;calabria;16.29944444;38.98555556;597;Calabria
calabria_338;Rogliano;calabria;16.32583333;39.18361111;665;Calabria
campania_11;Bagnoli Irpino;campania;15.07444444;40.82722222;893.60308837890625;Campania
campania_84;Senerchia;campania;15.20555556;40.73861111;613.12469482421875;Campania
lazio_275;Allumiere;lazio;11.9086;42.1578;568;Lazio
liguria_6933;Borzone;liguria;9.41;44.4243;370;Liguria
puglia_121;San_giovanni_rotondo;puglia;15.75028;41.70111;572;Puglia
puglia_15;Biccari;puglia;15.18389;41.40056;590;Puglia
puglia_86;Melfi;puglia;15.61694;40.98389;569;Puglia
sicilia_11827;Piano Del Leone;sicilia;13.465549;37.670792;876;Sicilia
sicilia_11850;Enna;sicilia;14.272487;37.56782;804;Sicilia
sicilia_11885;San Fratello;sicilia;14.598359;38.016142;654;Sicilia
sicilia_13787;S. Fratello;sicilia;14.599028;38.01725;634;Sicilia
sicilia_13909;Piano Del Leone;sicilia;13.46625;37.671917;876;Sicilia
toscana_238;Seravezza 2;toscana;10.223503;43.992815;127;Toscana
toscana_90;Valle Benedetta;toscana;10.406518;43.517376;285;Toscana
abruzzo_2168;Aterno A Fagnano;abruzzo;13.56722222;42.24805556;620;Abruzzo
bolzano_203;Bolzano;bolzano;11.31283145;46.49768516;246;Bolzano
bolzano_49;Merano - Quarazze;bolzano;11.13656021;46.68805798;369;Bolzano
emiliaromagna_12;Imola-Mario Neri;emiliaromagna;11.751273;44.335807;54;Emilia Romagna
emiliaromagna_12702;Bologna Urbana;emiliaromagna;11.328789;44.500754;44;Emilia Romagna
emiliaromagna_12820;Classe;emiliaromagna;12.240725;44.374338;2;Emilia Romagna
emiliaromagna_14246;Ferrara Urbana;emiliaromagna;11.62114;44.8325;9;Emilia Romagna
emiliaromagna_14354;Parma Urbana;emiliaromagna;10.33049;44.808;49;Emilia Romagna
emiliaromagna_25;Albareto;emiliaromagna;10.96594;44.686929;28;Emilia Romagna
emiliaromagna_26;Castelfranco Emilia;emiliaromagna;11.030113;44.632484;32;Emilia Romagna
emiliaromagna_27;Sasso Marconi;emiliaromagna;11.240967;44.442754;220;Emilia Romagna
emiliaromagna_28;S. Agata Sul Santerno;emiliaromagna;11.867947;44.450536;12;Emilia Romagna
emiliaromagna_37;S. Agata Bolognese;emiliaromagna;11.145673;44.697763;19;Emilia Romagna
emiliaromagna_39;Copparo;emiliaromagna;11.832385;44.916933;2;Emilia Romagna
emiliaromagna_41;Correggio;emiliaromagna;10.773157;44.746098;34;Emilia Romagna
emiliaromagna_44;Lavezzola;emiliaromagna;11.846004;44.557756;6;Emilia Romagna
emiliaromagna_9013;Alfonsine;emiliaromagna;12.0445;44.49303;7;Emilia Romagna
emiliaromagna_9015;Anzolaemilia;emiliaromagna;11.19651;44.55209;36;Emilia Romagna
emiliaromagna_9045;Bobbio;emiliaromagna;9.38367;44.75512;364;Emilia Romagna
emiliaromagna_9146;Faenza;emiliaromagna;11.88623;44.29127;34;Emilia Romagna
emiliaromagna_9163;Forliurb;emiliaromagna;12.04086;44.21942;32;Emilia Romagna
emiliaromagna_9183;Imola;emiliaromagna;11.71264;44.34583;44;Emilia Romagna
emiliaromagna_9210;Marinadiravenna;emiliaromagna;12.28385;44.49094;0;Emilia Romagna
emiliaromagna_9217;Mignanodiga;emiliaromagna;9.80334;44.77068;420;Emilia Romagna
emiliaromagna_9224;Modenaurb;emiliaromagna;10.91571;44.65191;35;Emilia Romagna
emiliaromagna_9225;Modigliana;emiliaromagna;11.79617;44.15559;240;Emilia Romagna
emiliaromagna_9320;Reggioemiliaurb;emiliaromagna;10.63239;44.69007;59;Emilia Romagna
emiliaromagna_9577;Novafeltria   Marecchia;emiliaromagna;12.2938;43.8928;263;Emilia Romagna
emiliaromagna_9588;San Cassiano   Lamone;emiliaromagna;11.6936;44.1512;437;Emilia Romagna
lombardia_6032;Voghera;lombardia;9.0175;44.990278000000004;99;Lombardia
marche_101;Sant'angelo In Vado;marche;12.410222;43.666889;352;Marche
marche_605;Fabriano;marche;12.904034;43.330273;354;Marche
piemonte_5598;Isola S. Antonio;piemonte;8.855;45.022;76;Piemonte
piemonte_5600;Alessandria Lobbi;piemonte;8.705;44.938;88;Piemonte
piemonte_5602;Casale Monferrato;piemonte;8.505;45.133;105;Piemonte
piemonte_5603;Asti Tanaro;piemonte;8.213;44.886;116;Piemonte
piemonte_5609;Mondovi';piemonte;7.812;44.397;414;Piemonte
piemonte_5612;Bra;piemonte;7.853;44.702;327;Piemonte
piemonte_5616;Borgomanero;piemonte;8.461;45.689;299;Piemonte
piemonte_5628;Cumiana;piemonte;7.392;44.965;305;Piemonte
piemonte_5634;Vercelli;piemonte;8.391;45.326;132;Piemonte
piemonte_5647;Pallanza;piemonte;8.55;45.925;214;Piemonte
piemonte_5648;Candoglia Toce;piemonte;8.423;45.976;375;Piemonte
piemonte_5649;Domodossola;piemonte;8.303;46.104;255;Piemonte
toscana_23;Pian Di Sco';toscana;11.55515;43.649965;470;Toscana
toscana_30;Le Croci (Barberino);toscana;11.271917;44.009686;387;Toscana
toscana_37;Villore;toscana;11.546251;43.966733;513;Toscana
trentino_6544;Zambana;trentino;11.079707;46.156372;201;Trentino
trentino_6561;Trento (Roncafort);trentino;11.101279;46.095667;194;Trentino
trentino_6569;Aldeno;trentino;11.091715;45.967849;182;Trentino
trentino_6570;Rovereto;trentino;11.043954;45.896097;203;Trentino
trentino_6574;Loppio;trentino;10.931337;45.855358;230;Trentino
trentino_6598;Santa Massenza (Centrale);trentino;10.980894;46.065821;245;Trentino
trentino_6630;Arco (Arboreto);trentino;10.883014;45.922291;115;Trentino
umbria_2011;Norcia;umbria;13.105;42.799;678;Umbria
umbria_264;Montelovesco;umbria;12.418;43.308;590;Umbria
umbria_267;Nocera_umbra;umbria;12.791;43.119;517;Umbria
umbria_301;Gubbio;umbria;12.563;43.341;449;Umbria
umbria_742;Isola_polvese_1;umbria;12.143;43.115;263;Umbria
valledaosta_109;Aosta - Piazza Plouves;valledaosta;7.32372;45.7369;580;Valle D'aosta
valledaosta_98;Saint-Christophe - Aeroporto;valledaosta;7.36344;45.7393;545;Valle D'aosta
veneto_5700;Valdagno;veneto;11.30894;45.63065;248;Veneto
veneto_5703;Montecchio Precalcino;veneto;11.54816;45.65788;71;Veneto
veneto_5709;Pelizzare Bagnolo Di Po';veneto;11.52975;44.98879;7;Veneto
veneto_5710;Concadirame (Rovigo);veneto;11.72105;45.09248;6;Veneto
veneto_5711;San Bellino;veneto;11.57719;45.03073;7;Veneto
veneto_5712;Conegliano Veneto;veneto;12.28254;45.88066;71;Veneto
veneto_5713;Pradon Porto Tolle;veneto;12.36932;44.91663;2;Veneto
veneto_5714;Castelfranco Veneto;veneto;11.94814;45.69427;51;Veneto
veneto_5715;Villafranca Veronese;veneto;10.83289;45.37175;67;Veneto
veneto_5716;Lonigo;veneto;11.3799;45.38992;31;Veneto
veneto_5717;Montagnana;veneto;11.46828;45.24286;15;Veneto
veneto_5718;Salizzole;veneto;11.08626;45.23885;22;Veneto
veneto_5719;Cittadella;veneto;11.79122;45.66574;57;Veneto
veneto_5720;Legnaro;veneto;11.95239;45.34669;7;Veneto
veneto_5721;Rosolina Po Di Tramontana;veneto;12.26199;45.07048;2;Veneto
veneto_5722;Castelnovo Bariano;veneto;11.30257;45.03066;12;Veneto
veneto_5723;Villadose;veneto;11.92263;45.0707;2;Veneto
veneto_5724;Adria Bellombra;veneto;12.00784;45.01509;1;Veneto
veneto_5725;Frassinelle Polesine;veneto;11.67902;44.98979;6;Veneto
veneto_5726;Sorga';veneto;11.00903;45.21726;23;Veneto
veneto_5727;Bardolino Calmasino;veneto;10.765930000000001;45.5177;161;Veneto
veneto_5728;Roverchiara;veneto;11.25143;45.26514;19;Veneto
veneto_5729;Dolcè;veneto;10.84901;45.5989;112;Veneto
veneto_5730;Lusia;veneto;11.63388;45.09176;6;Veneto
veneto_5731;Trebaseleghe;veneto;12.02654;45.6068;23;Veneto
veneto_5732;Arcole;veneto;11.29606;45.37484;28;Veneto
veneto_5733;Marano Di Valpolicella;veneto;10.92363;45.5473;283;Veneto
veneto_5734;San Pietro In Cariano;veneto;10.88834;45.50865;137;Veneto
veneto_5735;Illasi;veneto;11.17178;45.45954;155;Veneto
veneto_5736;Buttapietra;veneto;11.01065;45.35231;41;Veneto
veneto_5737;Grezzana;veneto;11.01372;45.50916;176;Veneto
veneto_5738;Castelnuovo Del Garda;veneto;10.77261;45.45398;122;Veneto
veneto_5739;Montecchia Di Crosara;veneto;11.28337;45.46737;61;Veneto
veneto_5740;Malo;veneto;11.46482;45.66871;102;Veneto
veneto_5745;Rosa';veneto;11.77648;45.71592;83;Veneto
veneto_5746;Barbarano Vicentino;veneto;11.57065;45.39704;18;Veneto
veneto_5747;Breganze;veneto;11.57653;45.71976;193;Veneto
veneto_5748;Brendola;veneto;11.47148;45.47482;281;Veneto
veneto_5749;Montegalda;veneto;11.66204;45.44899;24;Veneto
veneto_5750;Noventa Vicentina;veneto;11.56677;45.26383;14;Veneto
veneto_5751;Masi;veneto;11.48118;45.11675;10;Veneto
veneto_5752;Balduina Sant'urbano;veneto;11.58438;45.13408;8;Veneto
veneto_5753;Quinto Vicentino;veneto;11.63065;45.56843;36;Veneto
veneto_5754;Portogruaro Lison;veneto;12.76147;45.74482;3;Veneto
veneto_5755;Cavallino (Treporti);veneto;12.48642;45.45805;2;Veneto
veneto_5756;Noventa Di Piave;veneto;12.58868;45.66761;4;Veneto
veneto_5757;Eraclea;veneto;12.7073;45.60261;2;Veneto
veneto_5758;Fossalta Di Portogruaro;veneto;12.89414;45.77501;7;Veneto
veneto_5759;Lugugnana Di Portogruaro;veneto;12.94687;45.70425;2;Veneto
veneto_5760;Mira;veneto;12.11769;45.4353;5;Veneto
veneto_5761;Chioggia Loc. Sant'anna;veneto;12.276;45.144;1;Veneto
veneto_5762;Agna;veneto;11.95798;45.15861;3;Veneto
veneto_5763;Teolo;veneto;11.67737;45.34206;114;Veneto
veneto_5764;Codevigo;veneto;12.09993;45.24301;2;Veneto
veneto_5765;Gesia (Cavarzere);veneto;12.08742;45.16084;4;Veneto
veneto_5766;Campodarsego;veneto;11.9137;45.49483;15;Veneto
veneto_5767;Este (Loc. Calaone);veneto;11.65501;45.24135;153;Veneto
veneto_5768;Ponte Zata (Tribano);veneto;11.84903;45.18603;6;Veneto
veneto_5769;Volpago Del Montello;veneto;12.11314;45.78455;171;Veneto
veneto_5770;Zero Branco;veneto;12.17524;45.59004;11;Veneto
veneto_5771;Vazzola;veneto;12.34149;45.81115;38;Veneto
veneto_5772;Gaiarine;veneto;12.49369;45.89151;17;Veneto
veneto_5773;Roncade;veneto;12.39647;45.64067;7;Veneto
veneto_5774;Villorba;veneto;12.23517;45.74828;40;Veneto
veneto_5775;Valdobbiadene Bigolino;veneto;12.00731;45.88139;189;Veneto
veneto_5779;Farra Di Soligo;veneto;12.1048;45.9015;197;Veneto
veneto_5780;Oderzo;veneto;12.52447;45.76503;8;Veneto
veneto_5781;Maser;veneto;11.94258;45.77817;102;Veneto
veneto_5782;Breda Di Piave;veneto;12.33814;45.71705;21;Veneto
veneto_5786;Ponte Di Piave;veneto;12.52452;45.7165;5;Veneto
veneto_5789;Feltre;veneto;11.89484;46.01553;272;Veneto
veneto_5791;Trecenta;veneto;11.42688;45.021;10;Veneto
veneto_5794;Mogliano Veneto;veneto;12.308;45.58008;5;Veneto
veneto_5795;Valle Averto;veneto;12.14177;45.34876;1;Veneto
veneto_5796;Sant' Apollinare (Rovigo);veneto;11.8262;45.03274;3;Veneto
veneto_5802;Venezia Istituto Cavanis;veneto;12.3283;45.4293;1;Veneto
sardegna_CA035A003;Capo Frasca;sardegna;8.45925102242453;39.7398270813721;90;Sardegna
sardegna_CA054S254;Muravera Ru;sardegna;9.60265535381675;39.4149417736678;3;Sardegna
sardegna_CA069B522;Flumini Mannu A Decimomannu;sardegna;8.95305959507107;39.3074987257463;12;Sardegna
sardegna_CA089A009;Capo Carbonara;sardegna;9.51345369595459;39.1037103068693;118;Sardegna
sardegna_CA097B578;Sant'antioco Rf;sardegna;8.4500006899547;39.061948193469;94;Sardegna
sardegna_CA102B565;Pula Rf;sardegna;8.99889108484417;39.0169450775187;14;Sardegna
sardegna_NU006S227;Siniscola Ru;sardegna;9.72698865532254;40.5948130461701;7;Sardegna
sardegna_NU016B554;Orosei Rf;sardegna;9.6758342533701;40.376665791306;64;Sardegna
sardegna_NU016S280;Orosei Ru;sardegna;9.68092263579754;40.3461760572651;32;Sardegna
sardegna_NU023B512;Bosa Marina Rf;sardegna;8.4774970552312;40.2908365800236;3;Sardegna
sardegna_NU068A007;Capo Bellavista;sardegna;9.71316971039036;39.9303929848142;155;Sardegna
sardegna_OR027B568;San Vero Milis Putzuidu;sardegna;8.39471804006698;40.0369429152031;7;Sardegna
sardegna_SS005S245;Aglientu Ru;sardegna;9.06937200040159;41.0939427331522;83;Sardegna
sardegna_SS013S261;Valledoria Ru;sardegna;8.83167666753418;40.9403858663727;1;Sardegna
sardegna_SS014A395;Olbia Costa Smeralda;sardegna;9.51564816228815;40.8990255266237;13;Sardegna
sardegna_SS024B544;Loiri C.ra Monte Pedrosu;sardegna;9.65305118229263;40.8416667559077;45;Sardegna
sardegna_SS025B563;Porto Torres Andriolu;sardegna;8.40832932410684;40.8222243936803;24;Sardegna
sardegna_SS029S208;Sorso Ru;sardegna;8.60812876638252;40.8290756797589;54;Sardegna
sardegna_SS037S200;Sassari Ru;sardegna;8.53715381249652;40.7394841505948;146;Sardegna
sardegna_SS047S206;Olmedo Ru;sardegna;8.36173292140889;40.6616146471939;32;Sardegna
sardegna_SS059A001;Capo Caccia;sardegna;8.15922620040094;40.5665101035623;195;Sardegna
sardegna_SS059A392;Alghero;sardegna;8.29368002067094;40.6409578877579;19;Sardegna
sardegna_SS087B585;Stintino Punta De S'aquila;sardegna;8.21305303429796;40.9397240421005;76;Sardegna
sardegna_CA018B579;Sardara Rf;sardegna;8.81416971109033;39.6200016595188;222;Sardegna
sardegna_CA027B574;Sanluri Strovina;sardegna;8.84611419725182;39.5261143022019;61;Sardegna
sardegna_CA029B508;Flumendosa A Ballao Rf;sardegna;9.35333549375275;39.5538910129172;100;Sardegna
sardegna_CA034B582;Senorbi Rf;sardegna;9.13833226100289;39.5450018819387;234;Sardegna
sardegna_CA048B551;Nuraminis Rf;sardegna;9.01805019481742;39.4522197230707;135;Sardegna
sardegna_CA049B573;San Vito San Priamo;sardegna;9.5597242501504809;39.3572266354301;16;Sardegna
sardegna_CA058S237;Dolianova Ru;sardegna;9.1569061672267;39.3893828059671;164;Sardegna
sardegna_CA059B594;Villasor Rf;sardegna;8.9388879901322;39.3716672777638;22;Sardegna
sardegna_CA061B591;Vallermosa Rf;sardegna;8.80194547897078;39.3750019536471;81;Sardegna
sardegna_CA069S241;Decimomannu Ru;sardegna;8.97302283061783;39.333339199288;19;Sardegna
sardegna_CA086B520;Carbonia C.ra Flumentepido;sardegna;8.48166592069252;39.1888882344445;74;Sardegna
sardegna_CA095B577;Santadi Rf;sardegna;8.71972706495346;39.0916631225;164;Sardegna
sardegna_CA100S294;Villa San Pietro Ru;sardegna;8.97611460753401;39.0438774431606;66;Sardegna
sardegna_CA101B562;Sant'anna Arresi Porto Pino;sardegna;8.62027419303465;38.9744424638753;2;Sardegna
sardegna_NU030S225;Oliena Ru;sardegna;9.49185969216274;40.3109805137425;131;Sardegna
sardegna_NU038S223;Orani Ru;sardegna;9.03326974223812;40.2862816477229;169;Sardegna
sardegna_NU095B588;Tertenia Rf;sardegna;9.58166614578425;39.6883344144295;104;Sardegna
sardegna_OR025B616;Diga Cantoniera;sardegna;8.8608368579971;40.0111136505998;123;Sardegna
sardegna_OR026B510;Bauladu Rf;sardegna;8.67111228146474;40.023884768758;38;Sardegna
sardegna_OR057B592;Villa Verde Rf;sardegna;8.8208331020528;39.7872244664852;249;Sardegna
sardegna_SS026B517;Perfugas Rf;sardegna;8.95888615556012;40.8608311521902;116;Sardegna
sardegna_SS033B541;Martis Rf;sardegna;8.80193855541594;40.7741686598937;341;Sardegna
sardegna_SS038B556;Oschiri Rf;sardegna;9.1025000893703;40.7261149573568;252;Sardegna
sardegna_SS052S202;Ozieri Ru;sardegna;8.86658063054509;40.6317078166072;226;Sardegna
sardegna_SS086B589;Tirso A Rifornitore Tirso;sardegna;9.03472524725985;40.325832156738;191;Sardegna
sardegna_CA011B539;Mandas Rf;sardegna;9.13193871572291;39.6594416226669;490;Sardegna
sardegna_CA018S240;Sardara Ru;sardegna;8.85322279355452;39.5981172235233;192;Sardegna
sardegna_CA019S235;Siurgus Donigala Ru;sardegna;9.18934004728438;39.6253301382754;412;Sardegna
sardegna_CA026S242;Guasila Ru;sardegna;9.03704879603553;39.5310759417888;245;Sardegna
sardegna_NU034B536;Macomer Rf;sardegna;8.76500008378575;40.2608305795578;556;Sardegna
sardegna_NU098B518;Escalaplano Rf;sardegna;9.34500463427846;39.6202777464497;307;Sardegna
sardegna_OR005B581;Sedilo Rf;sardegna;8.91360747666866;40.171113479165;277;Sardegna
sardegna_OR009B501;Abbasanta Rf;sardegna;8.81389003514009;40.1305522206108;328;Sardegna
sardegna_OR039B571;Samugheo Rf;sardegna;8.9333309352338;39.9500012670808;420;Sardegna
sardegna_SS031S212;Berchidda Ru;sardegna;9.2217259827309;40.784872848672;282;Sardegna
sardegna_SS034S201;Chiaramonti Ru;sardegna;8.82020221367415;40.729164460447;369;Sardegna
sardegna_SS037B580;Sassari Rf;sardegna;8.59471787140158;40.7155574970458;364;Sardegna
sardegna_SS060B597;Diga Bidighinzu;sardegna;8.6633356075187;40.5563855731972;346;Sardegna
sardegna_SS063S203;Bonnanaro Ru;sardegna;8.77871789206529;40.5613578282359;343;Sardegna
sardegna_SS074S204;Giave Ru;sardegna;8.72395879654824;40.4626996698774;409;Sardegna
sardegna_SS081B564;Pozzomaggiore Rf;sardegna;8.66416151800244;40.395558684263;441;Sardegna
sardegna_CA039S238;Villasalto Ru;sardegna;9.35046346718176;39.4641818131838;560;Sardegna
sardegna_CA102B530;Pula Is Cannoneris;sardegna;8.84888759649053;39.0330585652471;717;Sardegna
sardegna_NU008B538;Onani' Mamone;sardegna;9.42222152072071;40.5705548304553;868;Sardegna
sardegna_NU009S249;Bitti Ru;sardegna;9.34047172683562;40.4941855824078;777;Sardegna
sardegna_NU010B535;Lula Rf;sardegna;9.48444129206838;40.4633294500655;611;Sardegna
sardegna_NU048B525;Fonni Rf;sardegna;9.25333712956928;40.1133334656033;1055;Sardegna
sardegna_NU051B527;Urzulei Genna Silana;sardegna;9.50916280440483;40.159169735024;1013;Sardegna
sardegna_NU063B509;Villagrande Bau Mandara;sardegna;9.42555824116481;39.9822243209777;863;Sardegna
sardegna_NU063S296;Villagrande Strisaili Ru;sardegna;9.45933176969381;39.9571382604199;813;Sardegna
sardegna_NU081B570;Sadali Rf;sardegna;9.27610975606722;39.8124968431981;759;Sardegna
sardegna_NU085B531;Jerzu Rf;sardegna;9.51277662189506;39.7952760185704;576;Sardegna
sardegna_SS005B502;Aglientu Rf;sardegna;9.11222026571065;41.0833334620396;431;Sardegna
sardegna_SS035B558;Osilo Rf;sardegna;8.67805898762409;40.7372245552043;693;Sardegna
sardegna_SS046B503;Ala' Dei Sardi Rf;sardegna;9.32444643878896;40.6458332822673;665;Sardegna
sardegna_SS053B606;Diga Monte Lerno;sardegna;9.15028268678665;40.5900031830609;564;Sardegna
sardegna_SS054B613;Diga Sos Canales;sardegna;9.31360717258774;40.5536126530377;719;Sardegna
sardegna_SS060B561;Bessude Pianu;sardegna;8.64360895074006;40.5633353306407;526;Sardegna
sardegna_SS068B593;Villanova Monteleone Rf;sardegna;8.4708309805549;40.499448579781;624;Sardegna
friuliveneziagiulia_13;Chievolis;friuliveneziagiulia;12.734044;46.254523;345;Friuli Venezia Giulia
friuliveneziagiulia_14;Cividale Del Friuli;friuliveneziagiulia;13.420014;46.080442;127;Friuli Venezia Giulia
friuliveneziagiulia_2;Barcis;friuliveneziagiulia;12.571028;46.193202;468;Friuli Venezia Giulia
friuliveneziagiulia_20;Fossalon;friuliveneziagiulia;13.458865;45.714768;0;Friuli Venezia Giulia
friuliveneziagiulia_21;Gemona Del Friuli;friuliveneziagiulia;13.122088;46.261297;184;Friuli Venezia Giulia
friuliveneziagiulia_24;Grado;friuliveneziagiulia;13.3945;45.6764;5;Friuli Venezia Giulia
friuliveneziagiulia_27;Lignano Sabbiadoro;friuliveneziagiulia;13.147078;45.701909;7;Friuli Venezia Giulia
friuliveneziagiulia_39;Pordenone;friuliveneziagiulia;12.681257;45.953618;23;Friuli Venezia Giulia
friuliveneziagiulia_42;San Pietro Al Natisone;friuliveneziagiulia;13.486796;46.11426;160;Friuli Venezia Giulia
friuliveneziagiulia_47;Tarvisio;friuliveneziagiulia;13.551886;46.510775;794;Friuli Venezia Giulia
friuliveneziagiulia_5;Bordano;friuliveneziagiulia;13.081196;46.332764;230;Friuli Venezia Giulia
friuliveneziagiulia_51;Trieste Molo F.lli Bandiera;friuliveneziagiulia;13.752242;45.649996;1;Friuli Venezia Giulia
friuliveneziagiulia_52;Udine S.o.;friuliveneziagiulia;13.226672;46.035212;91;Friuli Venezia Giulia
friuliveneziagiulia_6;Borgo Grotta Gigante;friuliveneziagiulia;13.764681;45.709385;275;Friuli Venezia Giulia
abruzzo_1707;Pescocostanzo;abruzzo;14.05888889;41.88805556;1371;Abruzzo
abruzzo_1999;Campotosto;abruzzo;13.40638889;42.53611111;1392;Abruzzo
abruzzo_2029;Pietracamela;abruzzo;13.55472222;42.52361111;1126;Abruzzo
abruzzo_2213;Goriano Sicoli;abruzzo;13.79888889;42.08222222;904;Abruzzo
bolzano_129;Brunico;bolzano;11.93148052;46.8042795;824;Bolzano
bolzano_197;Sarentino;bolzano;11.3550613;46.64063165;976;Bolzano
bolzano_39;Plata;bolzano;11.17808117;46.82249293;1118;Bolzano
bolzano_77;Vipiteno;bolzano;11.42939034;46.89782475;946;Bolzano
calabria_194;Fabrizia - Cassari;calabria;16.29333333;38.44222222;999;Calabria
calabria_239;Cardeto;calabria;15.79955556;38.10336111;1230;Calabria
calabria_85;Nocelle - Arvo;calabria;16.545;39.24333333;1307;Calabria
campania_46;Montemarano;campania;15.00361111;40.91416667;815.46923828125;Campania
campania_92;Torriello;campania;14.62583333;40.8475;839.5303344726564;Campania
emiliaromagna_9062;Boscocorniglio;emiliaromagna;10.03351;44.43902;849;Emilia Romagna
emiliaromagna_9129;Collagna;emiliaromagna;10.27118;44.34477;829;Emilia Romagna
emiliaromagna_9167;Frassinoro;emiliaromagna;10.57564;44.29576;1001;Emilia Romagna
emiliaromagna_9200;Ligonchio;emiliaromagna;10.34466;44.31683;803;Emilia Romagna
emiliaromagna_9212;Marra;emiliaromagna;10.04744;44.47344;670;Emilia Romagna
emiliaromagna_9238;Montegroppo;emiliaromagna;9.68637;44.4188;670;Emilia Romagna
emiliaromagna_9243;Montese;emiliaromagna;10.94203;44.27693;830;Emilia Romagna
emiliaromagna_9258;Nociveglia;emiliaromagna;9.61001;44.54712;929;Emilia Romagna
emiliaromagna_9277;Pavullo;emiliaromagna;10.82824;44.31958;687;Emilia Romagna
emiliaromagna_9284;Piandelagotti;emiliaromagna;10.51632;44.23714;1228;Emilia Romagna
emiliaromagna_9371;Sestola;emiliaromagna;10.7687;44.23213;1005;Emilia Romagna
emiliaromagna_9414;Villaminozzo;emiliaromagna;10.46002;44.36253;661;Emilia Romagna
lazio_281;Leonessa;lazio;12.9536;42.5786;929;Lazio
liguria_5816;Diga Del Brugneto;liguria;9.208333;44.53055;777;Liguria
liguria_5817;Torriglia;liguria;9.1555;44.5158;769;Liguria
liguria_5818;S. Stefano D'aveto;liguria;9.451944;44.54958;1014;Liguria
liguria_5849;Colle Belenda;liguria;7.7;43.98;1357;Liguria
liguria_5868;Giacopiane;liguria;9.39525;44.46268;1009;Liguria
marche_109;Fonte Avellana;marche;12.726417;43.471085;690;Marche
marche_142;Montemonaco;marche;13.32611;42.899452;995;Marche
marche_608;Cingoli;marche;13.19233;43.36224;790;Marche
marche_616;Apiro;marche;13.07954;43.36842;580;Marche
piemonte_5607;Chiusa Pesio;piemonte;7.661;44.234;924;Piemonte
piemonte_5620;Salbertrand;piemonte;6.895;45.072;1150;Piemonte
piemonte_5629;Coazze;piemonte;7.245;45.043;1110;Piemonte
piemonte_5632;Ala Di Stura;piemonte;7.311;45.313;1063;Piemonte
piemonte_5639;Piedicavallo;piemonte;7.957;45.69;1108;Piemonte
piemonte_5640;Oropa;piemonte;7.982;45.628;1222;Piemonte
piemonte_5642;Cicogna;piemonte;8.493;46.004;597;Piemonte
piemonte_5650;Anzino;piemonte;8.157;45.988;623;Piemonte
puglia_100;Nusco;puglia;15.08333;40.88333;863;Puglia
puglia_49;Faeto;puglia;15.18389;41.30083;809;Puglia
sicilia_11891;Floresta;sicilia;14.908035;37.986395;1266;Sicilia
sicilia_14104;Floresta;sicilia;14.908694;37.9875;1266;Sicilia
toscana_10;La Verna;toscana;11.931335;43.706911;1053;Toscana
toscana_204;Vallelunga;toscana;10.337689;43.971328;688;Toscana
toscana_25;Vallombrosa;toscana;11.556821;43.731367;1050;Toscana
toscana_27;Monte Di Fo';toscana;11.280845;44.079632;792;Toscana
toscana_39;Consuma;toscana;11.585201;43.784466;908;Toscana
trentino_6509;Centa;trentino;11.234123;45.970184;815;Trentino
trentino_6511;Pontarso;trentino;11.494414;46.115589;925;Trentino
trentino_6521;Lavarone;trentino;11.254037;45.939893;1155;Trentino
trentino_6528;Mezzana;trentino;10.795807;46.313429;905;Trentino
trentino_6533;Passo Mendola;trentino;11.189417;46.419238;1320;Trentino
trentino_6541;Pezze' Di Moena (Diga);trentino;11.664561;46.383662;1205;Trentino
trentino_6603;Forte D'ampola;trentino;10.646264;45.863908;725;Trentino
trentino_6615;Romeno;trentino;11.118834;46.390724;958;Trentino
trentino_6640;Cavalese (Meteotrentino);trentino;11.451794;46.284762;958;Trentino
trentino_6954;San Lorenzo In Banale (Pergole;trentino;10.911055;46.066522;690;Trentino
umbria_1090;Armenzano;umbria;12.702;43.072;614;Umbria
umbria_792;Casa_castalda;umbria;12.659;43.18;663;Umbria
umbria_794;San_benedetto_vecchio;umbria;12.464;43.437;679;Umbria
valledaosta_31;Issime - Capoluogo;valledaosta;7.85621;45.6873;960;Valle D'aosta
veneto_5677;Caprile;veneto;11.99027;46.43977;1076;Veneto
veneto_5682;S. Antonio Di Tortal;veneto;12.15469;46.04768;568;Veneto
veneto_5688;Villanova (Borca Di Cadore);veneto;12.206480000000001;46.44262;953;Veneto
veneto_5689;Auronzo;veneto;12.42613;46.55558;877;Veneto
veneto_5691;Campo Di Zoldo;veneto;12.18443;46.34599;875;Veneto
veneto_5692;S.stefano Di Cadore;veneto;12.55338;46.557;985;Veneto
veneto_5693;Domegge Di Cadore;veneto;12.41055;46.46028;816;Veneto
veneto_5697;Contra' Doppio Posina;veneto;11.22556;45.80622;746;Veneto
veneto_5698;Turcati Recoaro;veneto;11.18511;45.70329;693;Veneto
veneto_5704;San Bortolo;veneto;11.18168;45.60781;814;Veneto
veneto_5708;Torch (Pieve D'alpago);veneto;12.36323;46.15086;587;Veneto
veneto_5742;Valli Del Pasubio;veneto;11.21496;45.7571;619;Veneto
veneto_5743;Lusiana;veneto;11.58835;45.78348;665;Veneto
veneto_5744;Passo Santa Caterina Valdagno;veneto;11.25936;45.61913;716;Veneto
veneto_5777;Molini Laghi;veneto;11.25584;45.83265;635;Veneto
veneto_5784;Lamon;veneto;11.74661;46.04918;586;Veneto
veneto_5792;Valle Di Cadore;veneto;12.33254;46.41477;738;Veneto
veneto_5797;San Martino D' Alpago;veneto;12.39696;46.17982;805;Veneto
veneto_5800;Costalta;veneto;12.57575;46.5781;1195;Veneto
abruzzo_2;Teramo;abruzzo;13.71722222;42.65472222;264;Abruzzo
abruzzo_2258;Sulmona;abruzzo;13.91444444;42.06861111;365;Abruzzo
basilicata_2;Torre Accio;basilicata;16.6539;40.3925;21;Basilicata
calabria_107;Crotone - Papanice;calabria;17.02777778;39.0725;118;Calabria
calabria_108;Crotone;calabria;17.13111111;39.08694444;1;Calabria
calabria_111;Crotone - Salica;calabria;17.12611111;39.01222222;145;Calabria
calabria_112;Isola Di Capo Rizzuto - Campolongo;calabria;17.0088;38.94305556;151;Calabria
calabria_121;San Mauro Marchesato;calabria;16.92888889;39.10444444;212;Calabria
calabria_140;Catanzaro;calabria;16.58583333;38.91083333;315;Calabria
calabria_146;Borgia - Roccelletta;calabria;16.59777778;38.81861111;20;Calabria
calabria_162;Satriano Marina;calabria;16.5425;38.67555556;25;Calabria
calabria_177;Monasterace - Punta Stilo;calabria;16.55222222;38.45361111;64;Calabria
calabria_18;Torano Scalo;calabria;16.21;39.49388889;93;Calabria
calabria_19;Fitterizzi;calabria;16.14083333;39.52027778;208;Calabria
calabria_196;Gioiosa Ionica;calabria;16.32972222;38.30111111;18;Calabria
calabria_2;Cosenza;calabria;16.26527778;39.28694444;269;Calabria
calabria_20;Tarsia;calabria;16.27277778;39.61722222;203;Calabria
calabria_202;Antonimina;calabria;16.18055556;38.25972222;126;Calabria
calabria_208;Plati';calabria;16.04444444;38.22222222;329;Calabria
calabria_213;Sant'agata Del Bianco;calabria;16.08533333;38.10075;310;Calabria
calabria_217;Capo Spartivento;calabria;16.05613889;37.92727778;61;Calabria
calabria_233;Reggio Calabria;calabria;15.65094444;38.10786111;72;Calabria
calabria_246;Scilla;calabria;15.71972222;38.25166667;60;Calabria
calabria_26;Castrovillari;calabria;16.25416667;39.76555556;199;Calabria
calabria_28;Castrovillari - Camerata;calabria;16.27191667;39.73308333;63;Calabria
calabria_284;Feroleto Della Chiesa;calabria;16.06833333;38.46805556;180;Calabria
calabria_290;Mileto;calabria;16.064808;38.613861;328;Calabria
calabria_34;San Sosti;calabria;16.02805556;39.66444444;384;Calabria
calabria_345;Paola;calabria;16.04208333;39.36727778;282;Calabria
calabria_348;Cetraro Superiore;calabria;15.96408333;39.535055560000004;417;Calabria
calabria_380;Villapiana Scalo;calabria;16.49861111;39.795;0;Calabria
calabria_60;Cropalati;calabria;16.72444444;39.51583333;321;Calabria
calabria_71;Ciro' Marina - Punta Alice;calabria;17.12611111;39.38416667;8;Calabria
campania_12;Battipaglia;campania;14.97555556;40.61111111;69.5071258544922;Campania
campania_14;Benevento;campania;14.76222222;41.14194444;117.5702285766602;Campania
campania_3;Alife;campania;14.33361111;41.33916667;133.5564575195312;Campania
campania_33;Grazzanise;campania;14.10527778;41.0925;12.9779176712036;Campania
campania_39;Melizzano;campania;14.50527778;41.16722222;193.6260833740234;Campania
campania_40;Mercato S.severino;campania;14.75277778;40.77833333;141.7494049072266;Campania
campania_5;Alvignano;campania;14.39444444;41.21805556;170.3599395751953;Campania
campania_54;Paduli;campania;14.83472222;41.14805556;139.4526672363281;Campania
campania_56;Persano Sele;campania;15.0325;40.54416667;20.1688442230225;Campania
campania_59;Pompei;campania;14.4925;40.75666667;25.241117477417;Campania
campania_70;S.angelo D'alife;campania;14.23638889;41.35333333;135.6263122558594;Campania
campania_76;S.mauro;campania;14.63222222;40.76388889;40.6466827392578;Campania
campania_77;S.pietro;campania;14.78694444;40.81833333;204.2464141845703;Campania
campania_87;Sorgenti Grassano;campania;14.50166667;41.22194444;76.788932800293;Campania
campania_9;Auletta;campania;15.42805556;40.55166667;245.9533996582031;Campania
campania_98;Contursi Meteo;campania;15.25194444;40.67583333;214.4986877441407;Campania
lazio_240;Roma Macao;lazio;12.5072;41.9039;56;Lazio
lazio_273;Marta A Tarquinia;lazio;11.7425;42.2569;50;Lazio
lazio_276;Civitavecchia;lazio;11.7853;42.0967;7;Lazio
lazio_278;Bracciano;lazio;12.175;42.1019;214;Lazio
lazio_283;Poggio Mirteto;lazio;12.6953;42.27;353;Lazio
lazio_285;Ardea;lazio;12.5369;41.6117;22;Lazio
lazio_289;Latina;lazio;12.9058;41.4714;17;Lazio
lazio_330;Rocca Respampani;lazio;11.9289;42.3839;149;Lazio
lazio_333;Collegio Romano;lazio;12.4806;41.8986;19;Lazio
lazio_334;Frascati;lazio;12.6714;41.8097;245;Lazio
lazio_375;Roma Monte Mario;lazio;12.4356;41.9356;111;Lazio
lazio_384;Riano;lazio;12.5039;42.1014;171;Lazio
liguria_5870;Imperia;liguria;8.01694;43.8789;60;Liguria
liguria_5889;Molino Branca;liguria;8.21083;44.0481;6;Liguria
liguria_5926;Sanremo;liguria;7.78625;43.822694;45;Liguria
liguria_5933;Sarzana;liguria;9.965278;44.114722;26;Liguria
liguria_5934;Savona Istituto Nautico;liguria;8.484083;44.307111;28;Liguria
marche_19;Servigliano;marche;13.498032;43.085857;197;Marche
marche_25;Ascoli Piceno;marche;13.651516;42.852242;78;Marche
puglia_10;Avetrana;puglia;17.71722;40.33389;80;Puglia
puglia_102;Ortanova;puglia;15.70028;41.31722;84;Puglia
puglia_104;Ostuni;puglia;17.56694;40.73389;115;Puglia
puglia_105;Otranto;puglia;18.48417;40.15028;27;Puglia
puglia_11;Bari_(Facolta_dingegneria);puglia;16.87778;41.10639;23;Puglia
puglia_111;Polignano_a_mare;puglia;17.21667;40.98361;50;Puglia
puglia_112;Presicce;puglia;18.26667;39.88389;105;Puglia
puglia_118;Ruvo_di_puglia;puglia;16.48361;41.10083;274;Puglia
puglia_12;Bari_(Osservatorio);puglia;16.87167;41.11722;34;Puglia
puglia_120;San_giorgio_jonico;puglia;17.3675;40.45028;86;Puglia
puglia_126;San_pietro_vernotico;puglia;18.00083;40.4675;49;Puglia
puglia_127;San_samuele_di_cafiero;puglia;16.05917;41.26889;45;Puglia
puglia_128;San_severo;puglia;15.38333;41.68389;99;Puglia
puglia_13;Bari_(Ufficio_idrografico);puglia;16.88194;41.11972;17;Puglia
puglia_130;Santa_maria_di_leuca;puglia;18.35;39.78417;26;Puglia
puglia_133;San_vito_dei_normanni;puglia;17.70028;40.65028;121;Puglia
puglia_137;Talsano;puglia;17.26694;40.40056;37;Puglia
puglia_138;Taranto;puglia;17.25028;40.46417;27;Puglia
puglia_139;Taviano;puglia;18.08361;39.9675;65;Puglia
puglia_14;Barletta;puglia;16.20028;41.30056;30;Puglia
puglia_144;Turi;puglia;17.01667;40.90083;268;Puglia
puglia_147;Vieste;puglia;16.16694;41.8675;33;Puglia
puglia_148;Vignacastrisi;puglia;18.4;40.00056;99;Puglia
puglia_22;Brindisi;puglia;17.91722;40.63389;22;Puglia
puglia_23;Cagnano_varano;puglia;15.80028;41.83361;181;Puglia
puglia_27;Canosa_di_puglia;puglia;16.10056;41.21694;116;Puglia
puglia_30;Casamassima;puglia;16.91667;40.95028;229;Puglia
puglia_31;Cassano_murge;puglia;16.76667;40.88361;380;Puglia
puglia_34;Castellaneta;puglia;16.9175;40.61722;236;Puglia
puglia_38;Cerignola;puglia;15.90028;41.25056;134;Puglia
puglia_42;Corato;puglia;16.40056;41.15;249;Puglia
puglia_44;Crispiano;puglia;17.23472;40.58444;264;Puglia
puglia_48;Diga_rendina;puglia;15.7175;41.03333;214;Puglia
puglia_5;Andria;puglia;16.28417;41.21806;162;Puglia
puglia_50;Fasano;puglia;17.35028;40.83361;118;Puglia
puglia_51;Foggia_(Ist._Sper.le_colture_foragg.);puglia;15.46806;41.46667;85;Puglia
puglia_52;Foggia_(Osservatorio);puglia;15.54306;41.46167;94;Puglia
puglia_56;Gallipoli;puglia;17.99444;40.05444;31;Puglia
puglia_58;Ginosa_marina;puglia;16.88472;40.43361;15;Puglia
puglia_61;Grottaglie;puglia;17.43361;40.53361;165;Puglia
puglia_62;Grumo_appula;puglia;16.71806;40.98472;202;Puglia
puglia_65;Latiano;puglia;17.70056;40.55;114;Puglia
puglia_66;Lavello;puglia;15.795;41.05056;328;Puglia
puglia_67;Lecce;puglia;18.16667;40.35028;51;Puglia
puglia_68;Lesina;puglia;15.35;41.85056;17;Puglia
puglia_69;Lizzano;puglia;17.43417;40.38389;71;Puglia
puglia_72;Lucera;puglia;15.33333;41.50056;224;Puglia
puglia_73;Maglie;puglia;18.28389;40.10083;102;Puglia
puglia_74;Manduria;puglia;17.63444;40.36806;81;Puglia
puglia_75;Manfredonia-Bonifica_sipontina;puglia;15.88;41.58306;2;Puglia
puglia_77;Massafra;puglia;17.10056;40.58361;113;Puglia
puglia_82;Masseria_monteruga;puglia;17.81722;40.33389;92;Puglia
puglia_84;Masseria_s._Chiara;puglia;16.13333;41.33361;10;Puglia
puglia_87;Mercadante;puglia;16.7;40.88389;395;Puglia
puglia_88;Minervino_di_lecce;puglia;18.41667;40.08361;104;Puglia
puglia_97;Nardo;puglia;18.03333;40.16694;54;Puglia
sicilia_11805;Trapani;sicilia;12.506774;38.013603;2;Sicilia
sicilia_11810;Birgi Nuovo;sicilia;12.495327;37.883963;21;Sicilia
sicilia_11812;Marsala;sicilia;12.456187;37.810158;5;Sicilia
sicilia_11813;Mazara Del Vallo;sicilia;12.599055;37.656656;8;Sicilia
sicilia_11825;Sciacca;sicilia;13.126871;37.511873;110;Sicilia
sicilia_11831;Diga Castello;sicilia;13.408301;37.580671;264;Sicilia
sicilia_11832;Bivona;sicilia;13.438949;37.61914;554;Sicilia
sicilia_11841;Racalmuto;sicilia;13.729697;37.409678;419;Sicilia
sicilia_11843;Agrigento;sicilia;13.588111;37.303537;212;Sicilia
sicilia_11845;Canicattã¬;sicilia;13.849812;37.357789;456;Sicilia
sicilia_11858;Licata;sicilia;13.932402;37.098433;48;Sicilia
sicilia_11860;Comunelli Diga;sicilia;14.150239;37.155767;78;Sicilia
sicilia_11863;Dissueri Diga;sicilia;14.289906;37.190185;165;Sicilia
sicilia_11867;Ragusa;sicilia;14.723773;36.922496;532;Sicilia
sicilia_11868;Modica;sicilia;14.761858;36.858803;382;Sicilia
sicilia_11874;Lentini Cittã ;sicilia;14.998246;37.290823;40;Sicilia
sicilia_11882;Caltagirone;sicilia;14.517966;37.239686;428;Sicilia
sicilia_11883;Mineo;sicilia;14.690246;37.264436;459;Sicilia
sicilia_11887;Linguaglossa;sicilia;15.144488;37.839333;512;Sicilia
sicilia_11888;Acireale;sicilia;15.165228;37.620461;184;Sicilia
sicilia_11889;Catania Istituto Dagraria;sicilia;15.071749;37.517405;102;Sicilia
sicilia_11898;Messina Istituto Geofisico;sicilia;15.554106;38.200472;31;Sicilia
sicilia_11933;Ciminna;sicilia;13.559357;37.891796;467;Sicilia
sicilia_11942;Palermo Osservatorio Astronomico;sicilia;13.350685;38.109161;27;Sicilia
sicilia_11944;San Giuseppe Jato;sicilia;13.187319;37.973021;583;Sicilia
sicilia_13771;S.piero Patti;sicilia;14.966194;38.054972;384;Sicilia
sicilia_13828;Ciminna;sicilia;13.560056;37.892917;467;Sicilia
sicilia_13834;Diga Scanzano;sicilia;13.371306;37.925028;532;Sicilia
sicilia_13845;Villagrazia;sicilia;13.334278;38.079833;102;Sicilia
sicilia_13849;Partinico;sicilia;13.128417;38.056417;180;Sicilia
sicilia_13851;Palermo Ist.zootecn.;sicilia;13.300917;38.114056;113;Sicilia
sicilia_13852;Palermo Oss. Astron.;sicilia;13.351389;38.110278;27;Sicilia
sicilia_13860;San Giuseppe Jato;sicilia;13.188028;37.974139;583;Sicilia
sicilia_13871;Trapani;sicilia;12.5075;38.014722;2;Sicilia
sicilia_13879;Birgi Nuovo;sicilia;12.496056;37.885083;21;Sicilia
sicilia_13881;Marsala;sicilia;12.456917;37.811278;5;Sicilia
sicilia_13883;Mazara Del Vallo;sicilia;12.599778;37.657778;11;Sicilia
sicilia_13899;Roccamena;sicilia;13.153778;37.835083;471;Sicilia
sicilia_13907;Sciacca;sicilia;13.127583;37.513;110;Sicilia
sicilia_13918;Diga Castello;sicilia;13.408944;37.581861;264;Sicilia
sicilia_13919;Bivona;sicilia;13.439889;37.620444;554;Sicilia
sicilia_13929;Mustigarufi;sicilia;13.925611;37.539083;369;Sicilia
sicilia_13942;Racalmuto;sicilia;13.730389;37.410806;419;Sicilia
sicilia_13950;Gorgo Lago;sicilia;13.323944;37.416667;40;Sicilia
sicilia_13953;Agrigento;sicilia;13.588806;37.304667;212;Sicilia
sicilia_13957;Canicatti;sicilia;13.8505;37.358917;471;Sicilia
sicilia_13990;Gibbesi  Diga;sicilia;13.987472;37.307611;221;Sicilia
sicilia_13996;Licata;sicilia;13.933083;37.099556;15;Sicilia
sicilia_13999;Comunelli  Diga;sicilia;14.150917;37.156889;78;Sicilia
sicilia_14001;Piazza  Armerina;sicilia;14.370444;37.389389;708;Sicilia
sicilia_14002;Dissueri Diga;sicilia;14.290583;37.191306;165;Sicilia
sicilia_14003;Cimia Diga;sicilia;14.355306;37.189917;131;Sicilia
sicilia_14012;Vittoria;sicilia;14.526583;36.952472;169;Sicilia
sicilia_14014;Ragusa;sicilia;14.724444;36.923611;532;Sicilia
sicilia_14016;Modica;sicilia;14.762528;36.859917;382;Sicilia
sicilia_14019;Ispica;sicilia;14.916417;36.785806;103;Sicilia
sicilia_14038;Lentini Citta';sicilia;14.998917;37.291944;34;Sicilia
sicilia_14089;Caltagirone;sicilia;14.518639;37.240806;428;Sicilia
sicilia_14090;Mineo;sicilia;14.690917;37.265556;459;Sicilia
sicilia_14095;Linguaglossa;sicilia;15.145139;37.840444;512;Sicilia
sicilia_14098;Acireale;sicilia;15.165889;37.621583;184;Sicilia
sicilia_14099;Catania Ist. D'agraria;sicilia;15.072417;37.518528;102;Sicilia
sicilia_14121;Messina Ist.geofisico;sicilia;15.55475;38.201556;31;Sicilia
toscana_239;Ponte Tavole;toscana;10.18483;43.972565;7;Toscana
toscana_76;Castelmartini;toscana;10.829129;43.817839;22;Toscana
toscana_84;Coltano;toscana;10.391303;43.639594;4;Toscana
abruzzo_2045;Fano A Corno;abruzzo;13.61472222;42.49111111;685;Abruzzo
abruzzo_2135;Montereale;abruzzo;13.24138889;42.52611111;825;Abruzzo
abruzzo_2142;Tornimparte;abruzzo;13.30166667;42.28861111;880;Abruzzo
abruzzo_2263;Villa S.lucia;abruzzo;13.77944444;42.33361111;1119;Abruzzo
abruzzo_2280;Caramanico Meteo;abruzzo;14.01916667;42.15083333;785;Abruzzo
basilicata_195;San_nicola_d__avigliano;basilicata;15.802501;40.733056;859;Basilicata
bolzano_176;Fi� Allo Sciliar;bolzano;11.50595194;46.51340578;804;Bolzano
bolzano_18;Silandro;bolzano;10.78026981;46.62375473;684;Bolzano
bolzano_30;Naturno;bolzano;10.99117805;46.64766321;561;Bolzano
calabria_156;Cenadi - Serralta;calabria;16.36833333;38.74916667;949;Calabria
calabria_164;Serra San Bruno;calabria;16.31972222;38.56527778;926;Calabria
calabria_167;Spadola;calabria;16.33805556;38.60194444;763;Calabria
calabria_184;Mongiana;calabria;16.31672222;38.51630556;885;Calabria
calabria_186;Fabrizia;calabria;16.30027778;38.486;880;Calabria
calabria_220;Roccaforte Del Greco;calabria;15.90083333;38.04527778;719;Calabria
calabria_286;Mammola - Limina C.c.;calabria;16.18916667;38.37133333;674;Calabria
calabria_317;Tiriolo;calabria;16.50994444;38.93955556;523;Calabria
calabria_376;Albidona;calabria;16.46833333;39.92472222;675;Calabria
campania_17;Boiara;campania;15.24277778;40.84138889;722.98699951171875;Campania
emiliaromagna_12653;Arcello;emiliaromagna;9.431035;44.937114;347;Emilia Romagna
emiliaromagna_13119;Porretta Terme;emiliaromagna;10.977288;44.154037;395;Emilia Romagna
emiliaromagna_9036;Bedonia;emiliaromagna;9.62672;44.50747;527;Emilia Romagna
emiliaromagna_9276;Pavanadiga;emiliaromagna;11.00554;44.11828;467;Emilia Romagna
emiliaromagna_9335;Roncovetro;emiliaromagna;10.38134;44.51771;582;Emilia Romagna
emiliaromagna_9387;Suviana;emiliaromagna;11.04298;44.13445;479;Emilia Romagna
liguria_5813;Busalla;liguria;8.948889;44.57277;358;Liguria
liguria_5888;Mignanego;liguria;8.940611;44.540806;250;Liguria
liguria_5937;Statale;liguria;9.483389;44.348694;570;Liguria
lombardia_5962;Varzi;lombardia;9.195;44.823889;419;Lombardia
marche_104;Urbino;marche;12.636861;43.723278;471;Marche
marche_123;Arcevia;marche;12.936685;43.497452;535;Marche
marche_702;Carpegna;marche;12.340618;43.780575;715;Marche
marche_703;Amatrice;marche;13.296259;42.625565;954;Marche
piemonte_5599;Ovada;piemonte;8.637;44.648;193;Piemonte
piemonte_5611;Brossasco;piemonte;7.374;44.569;675;Piemonte
piemonte_5613;Boves;piemonte;7.563;44.336;573;Piemonte
piemonte_5617;Pietrastretta;piemonte;7.055;45.143;732;Piemonte
piemonte_5621;Luserna S. Giovanni;piemonte;7.242;44.814;468;Piemonte
piemonte_5627;Lanzo;piemonte;7.494;45.29;565;Piemonte
piemonte_5646;Crodo;piemonte;8.325;46.228;571;Piemonte
puglia_108;Pescopagano;puglia;15.36806;40.81778;920;Puglia
puglia_20;Bosco_umbra;puglia;16.03389;41.81667;780;Puglia
puglia_4;Andretta;puglia;15.3175;40.91722;890;Puglia
puglia_54;Forenza;puglia;15.85028;40.83472;753;Puglia
puglia_64;Lagopesole;puglia;15.73333;40.8;769;Puglia
puglia_90;Monteleone_di_puglia;puglia;15.25028;41.15056;828;Puglia
toscana_28;Mangona;toscana;11.197975;44.051395;552;Toscana
toscana_79;La Madonnina;toscana;10.909972;43.455625;271;Toscana
trentino_6512;Bieno;trentino;11.553742;46.079537;806;Trentino
trentino_6529;Male';trentino;10.916104;46.355098;735;Trentino
trentino_6564;Sant'orsola;trentino;11.3022;46.107105;930;Trentino
trentino_6576;Ronchi Di Ala;trentino;11.065345;45.739264;692;Trentino
trentino_6602;Tenno;trentino;10.831122;45.919256;428;Trentino
trentino_6609;Spormaggiore;trentino;11.047544;46.212402;655;Trentino
umbria_1480;Carestello;umbria;12.534;43.286;494;Umbria
umbria_4510;La_cima;umbria;12.122;43.234;694;Umbria
valledaosta_110;Aosta - Mont-Fleury;valledaosta;7.29903;45.7305;577;Valle D'aosta
valledaosta_114;Saint-Marcel - Surpian;valledaosta;7.44461;45.7366;540;Valle D'aosta
valledaosta_115;Donnas - Clapey;valledaosta;7.76643;45.5966;341;Valle D'aosta
veneto_5680;Agordo;veneto;12.03251;46.27609;588;Veneto
veneto_5683;Sospirolo;veneto;12.07977;46.14025;363;Veneto
veneto_5684;Follina;veneto;12.1173;45.9565;199;Veneto
veneto_5696;Castana ;veneto;11.30868;45.81485;485;Veneto
veneto_5702;Pove Del Grappa;veneto;11.7403;45.80485;540;Veneto
veneto_5705;Crespadoro;veneto;11.20952;45.62545;513;Veneto
veneto_5776;Brustole' Velo D'astico;veneto;11.34351;45.80061;390;Veneto
veneto_5783;Longarone;veneto;12.30382;46.26092;434;Veneto
bolzano_102;S.maddalena In Casies;bolzano;12.24271916;46.83526049;1456;Bolzano
bolzano_110;Predoi;bolzano;12.09912721;47.03658867;1515;Bolzano
bolzano_135;La Villa In Badia Osservatore;bolzano;11.90707588;46.5836304;1398;Bolzano
bolzano_149;Terento;bolzano;11.78557637;46.83445756;1437;Bolzano
bolzano_150;Fundres;bolzano;11.7029428;46.88718005;1151;Bolzano
bolzano_166;Selva Gardena;bolzano;11.76842971;46.54555526;1713;Bolzano
bolzano_206;Nova Ponente;bolzano;11.42685821;46.42048615;1416;Bolzano
bolzano_223;Sesto;bolzano;12.34996391;46.70305366;1490;Bolzano
bolzano_28;Vernago;bolzano;10.84927965;46.73565796;1823;Bolzano
bolzano_5;Monte Maria;bolzano;10.5212676;46.70568911;1256;Bolzano
bolzano_58;Diga Di Zoccolo-S.valburga;bolzano;10.99013577;46.54187189;1282;Bolzano
bolzano_79;Diga Di Vizze Osservatore;bolzano;11.5246721;46.92499219;1415;Bolzano
bolzano_83;Ridanna;bolzano;11.30677415;46.90908292;1337;Bolzano
bolzano_94;Dobbiaco;bolzano;12.21915906;46.72997843;1219;Bolzano
calabria_14;Camigliatello - Monte Curcio;calabria;16.42305556;39.31611111;1711;Calabria
calabria_84;Botte Donato;calabria;16.45838889;39.28072222;1751;Calabria
emiliaromagna_9075;Campigna;emiliaromagna;11.74716;43.87222;1034;Emilia Romagna
emiliaromagna_9191;Lagdei;emiliaromagna;10.00852;44.4123;1315;Emilia Romagna
emiliaromagna_9192;Lagoballano;emiliaromagna;10.10205;44.3695;1255;Emilia Romagna
emiliaromagna_9263;Ospitaletto;emiliaromagna;10.31666;44.29697;1272;Emilia Romagna
lazio_388;Monte Terminillo;lazio;12.9928;42.4556;1594;Lazio
piemonte_5608;Pontechianale;piemonte;7.054;44.613;1650;Piemonte
piemonte_5644;Alpe Cheggio;piemonte;8.117;46.086;1661;Piemonte
piemonte_5651;Alpe Devero;piemonte;8.261;46.317;1700;Piemonte
trentino_6516;Passo Cereda;trentino;11.906843;46.194016;1375;Trentino
trentino_6591;Torrente Arno';trentino;10.640512;46.032072;1148;Trentino
trentino_6636;Tremalzo;trentino;10.683719;45.84185;1520;Trentino
trentino_6638;Passo Tonale T0360;trentino;10.635572;46.261915;1880;Trentino
trentino_6639;Pejo Frana;trentino;10.678177;46.364472;1580;Trentino
trentino_6641;Viote Del Bondone;trentino;11.055597;46.013749;1495;Trentino
trentino_6642;Passo Sommo - Folgaria;trentino;11.206388;45.918907;1360;Trentino
trentino_6644;Malga Bissina;trentino;10.514022;46.053933;1750;Trentino
umbria_1683;Monte_cucco;umbria;12.729;43.375;1155;Umbria
valledaosta_106;Gressoney-La-Trinité - D'ejola;valledaosta;7.81496;45.8561;1837;Valle D'aosta
valledaosta_111;La Thuile - Les Granges;valledaosta;6.96684;45.7297;1637;Valle D'aosta
valledaosta_112;Cogne - Gimillan;valledaosta;7.35575;45.6157;1785;Valle D'aosta
valledaosta_113;Etroubles - Chevrière;valledaosta;7.23278;45.8167;1339;Valle D'aosta
valledaosta_48;Rhêmes-Notre-Dame - Chanavey;valledaosta;7.12338;45.5788;1690;Valle D'aosta
valledaosta_57;Valgrisenche - Menthieu;valledaosta;7.0525;45.6137;1859;Valle D'aosta
valledaosta_60;Valsavarenche - Eaux-Rousses;valledaosta;7.20835;45.5668;1651;Valle D'aosta
valledaosta_66;Valtournenche - Maen;valledaosta;7.61112;45.8626;1310;Valle D'aosta
veneto_5675;Arabba;veneto;11.87637;46.49926;1653;Veneto
veneto_5678;Malga Ciapela;veneto;11.9051;46.42785;1501;Veneto
veneto_5679;Gares (Canale D'agordo);veneto;11.88295;46.31246;1392;Veneto
veneto_5681;S. Andrea (Gosaldo);veneto;11.95784;46.22896;1279;Veneto
veneto_5687;Podestagno;veneto;12.11253;46.5929;1433;Veneto
veneto_5690;Crep Di Pecol;veneto;12.09333;46.37868;1629;Veneto
veneto_5694;Cimacanale (Val Visdende);veneto;12.63099;46.60138;1266;Veneto
veneto_5695;Monte Avena;veneto;11.82736;46.03144;1276;Veneto
veneto_5699;Recoaro 1000;veneto;11.22594;45.67982;913;Veneto
veneto_5706;Passo Monte Croce Comelico;veneto;12.42416;46.65148;1667;Veneto
veneto_5707;Col Indes (Tambre);veneto;12.44035;46.11841;1153;Veneto
veneto_5741;Rifugio La Guardia Recoaro;veneto;11.18165;45.7182;1261;Veneto
veneto_5778;Passo Xomo Posina;veneto;11.2382;45.77677;955;Veneto
veneto_5788;Cansiglio Loc. Tramedere;veneto;12.41478;46.07684;1014;Veneto
veneto_5798;Cortina Loc. Gilardon;veneto;12.1276;46.53602;1216;Veneto
veneto_5799;Misurina;veneto;12.25027;46.57574;1810;Veneto
veneto_5801;Casamazzagno;veneto;12.5158;46.59322;1370;Veneto
bolzano_23;Diga Di Gioveretto Osservatore;bolzano;10.72507183;46.50906285;1896;Bolzano
piemonte_5630;Lago Agnel;piemonte;7.14;45.469;2326;Piemonte
trentino_6525;Careser (Diga);trentino;10.699326;46.42264;2600;Trentino
trentino_6543;Paganella;trentino;11.037444;46.143291;2125;Trentino
trentino_6546;Passo Rolle;trentino;11.787638;46.297214;1995;Trentino
trentino_6547;Passo Valles;trentino;11.799764;46.338417;2032;Trentino
trentino_6585;Pradalago Rifugio Agostini;trentino;10.813874;46.249712;2084;Trentino
veneto_5685;Passo Falzarego;veneto;12.00704;46.51806;2138;Veneto
veneto_5686;Faloria;veneto;12.17529;46.52677;2210;Veneto
veneto_5701;Passo Pordoi;veneto;11.82271;46.48276;2262;Veneto
aeronautica_6810;Pescara;abruzzo;14.199999999999998;42.43299999999999;11;Abruzzo
aeronautica_6853;Latronico;basilicata;16.017;40.083;896;Basilicata
aeronautica_6863;Bonifati;calabria;15.882999999999997;39.583;485;Calabria
aeronautica_6867;Crotone;calabria;17.067000000000004;38.99999999999999;161;Calabria
aeronautica_6870;Lamezia Terme;calabria;16.25;38.900000000000006;15;Calabria
aeronautica_6882;Reggio Calabria;calabria;15.649999999999993;38.066999999999986;21;Calabria
aeronautica_6865;Monte Scuro;calabria;16.4;39.33299999999999;1720;Calabria
aeronautica_6836;Trevico;campania;15.233000000000002;41.05;1093;Campania
aeronautica_6827;Grazzanise;campania;14.067;41.05;10;Campania
aeronautica_6844;Napoli/Capodichino;campania;14.3;40.85;72;Campania
aeronautica_6847;Capri;campania;14.199999999999998;40.550000000000004;161;Campania
aeronautica_6850;Capo Palinuro;campania;15.283;40.016999999999996;185;Campania
aeronautica_6769;Rimini;emilia-romagna;12.617;44.033;13;Emilia Romagna
aeronautica_6720;Piacenza;emilia-romagna;9.733;44.917;138;Emilia Romagna
aeronautica_6762;Ferrara;emilia-romagna;11.617;44.83299999999999;10;Emilia Romagna
aeronautica_6763;Bologna/Borgo Panig;emilia-romagna;11.300000000000002;44.532999999999994;49;Emilia Romagna
aeronautica_6766;Punta Marina;emilia-romagna;12.3;44.45;6;Emilia Romagna
aeronautica_6768;Cervia;emilia-romagna;12.3;44.21699999999999;10;Emilia Romagna
aeronautica_6749;Passo Della Cisa;emilia-romagna;9.933;44.43300000000001;1040;Emilia Romagna
aeronautica_6758;Monte Cimone;emilia-romagna;10.699999999999998;44.2;2173;Emilia Romagna
aeronautica_6735;Ronchi Dei Legionar;friuli venezia giulia;13.483;45.817;12;Friuli Venezia Giulia
aeronautica_6736;Trieste;friuli venezia giulia;13.75;45.65;20;Friuli Venezia Giulia
aeronautica_6694;Aviano;friuli venezia giulia;12.6;46.033;128;Friuli Venezia Giulia
aeronautica_6700;Udine/Rivolto;friuli venezia giulia;13.033;45.98299999999999;53;Friuli Venezia Giulia
aeronautica_6697;Tarvisio;friuli venezia giulia;13.582999999999998;46.499999999999986;778;Friuli Venezia Giulia
aeronautica_6797;Viterbo;lazio;12.05;42.43299999999999;308;Lazio
aeronautica_6803;Vigna Di Valle;lazio;12.217;42.083;266;Lazio
aeronautica_6795;Civitavecchia;lazio;11.833;42.033;4;Lazio
aeronautica_6814;Guidonia;lazio;12.733000000000002;42.00000000000001;89;Lazio
aeronautica_6815;Roma/Urbe;lazio;12.5;41.949999999999996;24;Lazio
aeronautica_6817;Roma/Ciampino;lazio;12.582999999999998;41.783;105;Lazio
aeronautica_6819;Roma Fiumicino;lazio;12.233;41.79999999999999;3;Lazio
aeronautica_6820;Latina;lazio;12.9;41.54999999999998;26;Lazio
aeronautica_6821;Frosinone;lazio;13.3;41.63299999999999;185;Lazio
aeronautica_6822;Pratica Di Mare;lazio;12.45;41.64999999999999;21;Lazio
aeronautica_6841;Ponza;lazio;12.949999999999996;40.91700000000001;185;Lazio
aeronautica_6750;Sarzana/Luni;liguria;9.983;44.08299999999999;10;Liguria
aeronautica_6747;Albenga;liguria;8.117;44.04999999999998;49;Liguria
aeronautica_6771;Capo Mele;liguria;8.167;43.95;221;Liguria
aeronautica_6711;Milano/Malpensa;lombardia;8.733;45.61699999999999;211;Lombardia
aeronautica_6717;Bergamo/Orio Al Ser;lombardia;9.7;45.667;237;Lombardia
aeronautica_6718;Milano/Linate;lombardia;9.283;45.433;103;Lombardia
aeronautica_6721;Brescia/Ghedi;lombardia;10.282999999999998;45.417;97;Lombardia
aeronautica_6787;Falconara;marche;13.367;43.617;10;Marche
aeronautica_6782;Frontone;marche;12.732999999999999;43.517;574;Marche
aeronautica_6812;Termoli;molise;14.999999999999996;41.99999999999999;44;Molise
aeronautica_6826;Campobasso;molise;14.650000000000002;41.56699999999999;807;Molise
aeronautica_6707;Torino/Caselle;piemonte;7.650000000000001;45.21699999999999;287;Piemonte
aeronautica_6710;Novara/Cameri;piemonte;8.667;45.516999999999996;169;Piemonte
aeronautica_6709;Torino/Bric Della C;piemonte;7.733;45.033;710;Piemonte
aeronautica_6851;Gioia Del Colle;puglia;16.933;40.766999999999996;350;Puglia
aeronautica_6828;Monte S. Angelo;puglia;15.950000000000001;41.7;844;Puglia
aeronautica_6834;Amendola;puglia;15.716999999999997;41.533;60;Puglia
aeronautica_6839;Bari/Palese Macchie;puglia;16.783;41.133;49;Puglia
aeronautica_6856;Brindisi;puglia;17.95;40.650000000000006;10;Puglia
aeronautica_6857;Grottaglie;puglia;17.4;40.517;69;Puglia
aeronautica_6858;Marina Di Ginosa;puglia;16.882999999999996;40.433;12;Puglia
aeronautica_6859;Lecce;puglia;18.15;40.23299999999999;61;Puglia
aeronautica_6869;S. Maria Di Leuca;puglia;18.35;39.81699999999999;112;Puglia
aeronautica_6906;Alghero;sardegna;8.283;40.632999999999996;40;Sardegna
aeronautica_6910;Olbia/Costa Smerald;sardegna;9.517;40.900000000000006;13;Sardegna
aeronautica_6914;Capo Frasca;sardegna;8.467;39.75;95;Sardegna
aeronautica_6922;Capo Bellavista;sardegna;9.717;39.93299999999999;150;Sardegna
aeronautica_6923;Cagliari/Elmas;sardegna;9.067;39.249999999999986;5;Sardegna
aeronautica_6925;Capo Carbonara;sardegna;9.517;39.099999999999994;118;Sardegna
aeronautica_6919;Decimomannu;sardegna;8.967;39.349999999999994;28;Sardegna
aeronautica_6874;Ustica;sicilia;13.183;38.7;251;Sicilia
aeronautica_6876;Palermo/Punta Raisi;sicilia;13.1;38.183;21;Sicilia
aeronautica_6881;Messina;sicilia;15.549999999999997;38.199999999999996;51;Sicilia
aeronautica_6883;Trapani/Birgi;sicilia;12.500000000000002;37.917;14;Sicilia
aeronautica_6889;Gela;sicilia;14.216999999999999;37.083;65;Sicilia
aeronautica_6891;Catania/Sigonella;sicilia;14.916999999999996;37.4;22;Sicilia
aeronautica_6893;Catania/Fontanaross;sicilia;15.050000000000002;37.467;17;Sicilia
aeronautica_6897;Pantelleria;sicilia;11.966999999999999;36.81699999999999;170;Sicilia
aeronautica_6901;Cozzo Spadaro;sicilia;15.133;36.683;51;Sicilia
aeronautica_6884;Prizzi;sicilia;13.433;37.717;1035;Sicilia
aeronautica_6773;Pisa/S. Giusto;toscana;10.383;43.68299999999999;6;Toscana
aeronautica_6777;Firenze/Peretola;toscana;11.2;43.8;38;Toscana
aeronautica_6779;Arezzo;toscana;11.849999999999998;43.467;249;Toscana
aeronautica_6776;Monte Argentario;toscana;11.167;42.382999999999996;631;Toscana
aeronautica_6790;M. Calamita;toscana;10.400000000000002;42.733;397;Toscana
aeronautica_6794;Grosseto;toscana;11.067;42.75;7;Toscana
aeronautica_6690;Bolzano;trentino-alto adige;11.333;46.467;241;Trentino-Alto Adige
aeronautica_6686;S. Valentino Alla M;trentino-alto adige;10.533;46.75000000000001;1461;Trentino-Alto Adige
aeronautica_6687;Resia Pass;trentino-alto adige;10.5;46.833;1800;Trentino-Alto Adige
aeronautica_6693;Dobbiaco;trentino-alto adige;12.217000000000002;46.73299999999999;1226;Trentino-Alto Adige
aeronautica_6691;Passo Rolle;trentino-alto adige;11.782999999999998;46.29999999999998;2006;Trentino-Alto Adige
aeronautica_6692;Paganella;trentino-alto adige;11.032999999999998;46.14999999999999;2129;Trentino-Alto Adige
aeronautica_6784;Perugia;umbria;12.5;43.083000000000006;205;Umbria
aeronautica_6703;Pian Rosa;valle d'aosta;7.699999999999999;45.933;3488;Valle D'aosta
aeronautica_6723;Verona/Villafranca;veneto;10.867;45.38300000000001;68;Veneto
aeronautica_6729;Treviso/Istrana;veneto;12.099999999999998;45.682999999999986;46;Veneto
aeronautica_6730;Treviso/S. Angelo;veneto;12.182999999999998;45.65;23;Veneto
aeronautica_6733;Venezia/Tessera;veneto;12.332999999999998;45.49999999999999;6;Veneto
